"0","# Define el directorio de trabajo"
"0","dir_path <- ""tables"""
"0",""
"0","# Lee el archivo CSV desde el directorio especificado"
"0","df <- read.csv(file.path(dir_path, ""OTU_table.csv""))"
"0",""
"0","# Reemplaza los valores faltantes con ceros"
"0","df[is.na(df)] <- 0"
"0",""
"0","# Guarda el data frame actualizado como un archivo CSV en el mismo directorio"
"0","write.csv(df, file.path(dir_path, ""OTU_table_0.csv""), row.names = FALSE)"
"0",""
"0"," #make sure the counts are integer numbers. Here I prefer to go to the OTU_table and remove the zeros after the dot with excel's ""replace"" function (find: .*, replace: ). On the other hand you have to make sure that the metadata table has the same name as the name of the columns of the otu-table."
"0",""
